[
  {
    "model": "jwt_auth.role",
    "pk": 1,
    "fields": {
      "name": "文字校对工作员"
    }
  },
  {
    "model": "jwt_auth.role",
    "pk": 2,
    "fields": {
      "name": "文字校对审定员"
    }
  },
  {
    "model": "jwt_auth.role",
    "pk": 3,
    "fields": {
      "name": "文字校对专家"
    }
  },
  {
    "model": "jwt_auth.role",
    "pk": 4,
    "fields": {
      "name": "校勘工作员"
    }
  },
  {
    "model": "jwt_auth.role",
    "pk": 5,
    "fields": {
      "name": "校勘审定员"
    }
  },
  {
    "model": "jwt_auth.role",
    "pk": 6,
    "fields": {
      "name": "校勘专家"
    }
  },
  {
    "model": "jwt_auth.role",
    "pk": 7,
    "fields": {
      "name": "标点工作员"
    }
  },
  {
    "model": "jwt_auth.role",
    "pk": 8,
    "fields": {
      "name": "标点审定员"
    }
  },
  {
    "model": "jwt_auth.role",
    "pk": 9,
    "fields": {
      "name": "标点专家"
    }
  },
  {
    "model": "jwt_auth.role",
    "pk": 10,
    "fields": {
      "name": "置信切分校对员"
    }
  },
  {
    "model": "jwt_auth.role",
    "pk": 11,
    "fields": {
      "name": "聚类切分校对员"
    }
  },
  {
    "model": "jwt_auth.role",
    "pk": 12,
    "fields": {
      "name": "查漏切分校对员"
    }
  },
  {
    "model": "jwt_auth.role",
    "pk": 13,
    "fields": {
      "name": "逐字切分校对员"
    }
  },
  {
    "model": "jwt_auth.role",
    "pk": 14,
    "fields": {
      "name": "删框审定员"
    }
  },
  {
    "model": "jwt_auth.role",
    "pk": 15,
    "fields": {
      "name": "定本标点工作员"
    }
  },
  {
    "model": "jwt_auth.role",
    "pk": 16,
    "fields": {
      "name": "定本标点审定员"
    }
  },
  {
    "model": "jwt_auth.role",
    "pk": 17,
    "fields": {
      "name": "定本标点专家"
    }
  },




  {
    "model": "jwt_auth.menu",
    "pk": 1,
    "fields": {
      "name": "文字校对工作员",
      "menu_paths": ["/collate_tasks/correct", "/collate_history/correct"],
      "is_active": true
    }
  },
  {
    "model": "jwt_auth.menu",
    "pk": 2,
    "fields": {
      "name": "文字校对审定员",
      "menu_paths": ["/collate_tasks/verify_correct", "/collate_history/verify_correct"],
      "is_active": true
    }
  },
  {
    "model": "jwt_auth.menu",
    "pk": 3,
    "fields": {
      "name": "文字校对专家",
      "menu_paths": ["/collate_tasks/correct", "/collate_history/correct", "/collate_tasks/verify_correct", "/collate_history/verify_correct" ],
      "is_active": true
    }
  },
  {
    "model": "jwt_auth.menu",
    "pk": 4,
    "fields": {
      "name": "校勘工作员",
      "menu_paths": ["/collate_tasks/judge", "/collate_history/judge"],
      "is_active": true
    }
  },
  {
    "model": "jwt_auth.menu",
    "pk": 5,
    "fields": {
      "name": "校勘审定员",
      "menu_paths": ["/collate_tasks/verify_judge", "/collate_history/verify_judge"],
      "is_active": true
    }
  },
  {
    "model": "jwt_auth.menu",
    "pk": 6,
    "fields": {
      "name": "校勘专家",
      "menu_paths": ["/collate_tasks/judge", "/collate_history/judge", "/collate_tasks/verify_judge", "/collate_history/verify_judge"],
      "is_active": true
    }
  },
  {
    "model": "jwt_auth.menu",
    "pk": 7,
    "fields": {
      "name": "标点工作员",
      "menu_paths": ["/collate_tasks/punct", "/collate_history/punct"],
      "is_active": true
    }
  },
  {
    "model": "jwt_auth.menu",
    "pk": 8,
    "fields": {
      "name": "标点审定员",
      "menu_paths": ["/collate_tasks/verify_punct", "/collate_history/verify_punct"],
      "is_active": true
    }
  },
  {
    "model": "jwt_auth.menu",
    "pk": 9,
    "fields": {
      "name": "标点专家",
      "menu_paths": ["/collate_tasks/punct", "/collate_history/punct", "/collate_tasks/verify_punct", "/collate_history/verify_punct"],
      "is_active": true
    }
  },
  {
    "model": "jwt_auth.menu",
    "pk": 10,
    "fields": {
      "name": "置信切分校对员",
      "menu_paths": ["/jiaodui/confidence", "/mytask/confidence"],
      "is_active": true
    }
  },

  {
    "model": "jwt_auth.menu",
    "pk": 11,
    "fields": {
      "name": "聚类切分校对员",
      "menu_paths": ["/jiaodui/classify", "/mytask/classify"],
      "is_active": true
    }
  },  
  { 
    "model": "jwt_auth.menu",
    "pk": 12,
    "fields": {
      "name": "查漏切分校对员",
      "menu_paths": ["/jiaodui/checkabsence", "/mytask/checkabsence"],
      "is_active": true
    }
  },
  {
    "model": "jwt_auth.menu",
    "pk": 13,
    "fields": {
      "name": "逐字切分校对员",
      "menu_paths": ["/jiaodui/onebyone", "/mytask/onebyone"],
      "is_active": true
    }
  },
  {
    "model": "jwt_auth.menu",
    "pk": 14,
    "fields": {
      "name": "删框审定员",
      "menu_paths": ["/jiaodui/checkdel", "/mytask/checkdel"],
      "is_active": true
    }
  },

  {
    "model": "jwt_auth.menu",
    "pk": 15,
    "fields": {
      "name": "定本标点工作员",
      "menu_paths": ["/collate_tasks/lqpunct", "/collate_history/lqpunct"],
      "is_active": true
    }
  },
  {
    "model": "jwt_auth.menu",
    "pk": 16,
    "fields": {
      "name": "定本标点审定员",
      "menu_paths": ["/collate_tasks/verify_lqpunct", "/collate_history/verify_lqpunct"],
      "is_active": true
    }
  },
    {
    "model": "jwt_auth.menu",
    "pk": 17,
    "fields": {
      "name": "定本标点专家",
      "menu_paths": ["/collate_tasks/lqpunct", "/collate_history/lqpunct", "/collate_tasks/verify_lqpunct", "/collate_history/verify_lqpunct"],
      "is_active": true
    }
  },



 {  
    "model": "jwt_auth.permission",
    "pk": 1,
    "fields": {
      "name": "文字校对工作员权限",
      "menu_id": 1,
      "is_active": true
    }
  },
  {
    "model": "jwt_auth.permission",
    "pk": 2,
    "fields": {
      "name": "文字校对审定员权限",
      "menu_id": 2,
      "is_active": true
    }
  },
  {
    "model": "jwt_auth.permission",
    "pk": 3,
    "fields": {
      "name": "文字校对专家权限",
      "menu_id": 3,
      "is_active": true
    }
  },
  {
    "model": "jwt_auth.permission",
    "pk": 4,
    "fields": {
      "name": "校勘工作员权限",
      "menu_id": 4,
      "is_active": true
    }
  },
  {
    "model": "jwt_auth.permission",
    "pk": 5,
    "fields": {
      "name": "校勘审定员权限",
      "menu_id": 5,
      "is_active": true
    }
  },
  {
    "model": "jwt_auth.permission",
    "pk": 6,
    "fields": {
      "name": "校勘专家权限",
      "menu_id": 6,
      "is_active": true
    }
  },
  {
    "model": "jwt_auth.permission",
    "pk": 7,
    "fields": {
      "name": "标点工作员权限",
      "menu_id": 7,
      "is_active": true
    }
  },
  {
    "model": "jwt_auth.permission",
    "pk": 8,
    "fields": {
      "name": "标点审定员权限",
      "menu_id": 8,
      "is_active": true
    }
  },
  {
    "model": "jwt_auth.permission",
    "pk": 9,
    "fields": {
      "name": "标点专家权限",
      "menu_id": 9,
      "is_active": true
    }
  },
  {
    "model": "jwt_auth.permission",
    "pk": 10,
    "fields": {
      "name": "置信切分校对员权限",
      "menu_id": 10,
      "is_active": true
    }
  },
  {
    "model": "jwt_auth.permission",
    "pk": 11,
    "fields": {
      "name": "聚类切分校对员权限",
      "menu_id": 11,
      "is_active": true
    }
  },
  {
    "model": "jwt_auth.permission",
    "pk": 12,
    "fields": {
      "name": "查漏切分校对员权限",
      "menu_id": 12,
      "is_active": true
    }
  },
  {
    "model": "jwt_auth.permission",
    "pk": 13,
    "fields": {
      "name": "逐字切分校对员权限",
      "menu_id": 13,
      "is_active": true
    }
  },
  {
    "model": "jwt_auth.permission",
    "pk": 14,
    "fields": {
      "name": "删框审定员权限",
      "menu_id": 14,
      "is_active": true
    }
  },
  {
    "model": "jwt_auth.permission",
    "pk": 15,
    "fields": {
      "name": "定本标点工作员权限",
      "menu_id": 15,
      "is_active": true
    }
  },
    {
    "model": "jwt_auth.permission",
    "pk": 16,
    "fields": {
      "name": "定本标点审定员权限",
      "menu_id": 16,
      "is_active": true
    }
  },
    {
    "model": "jwt_auth.permission",
    "pk": 17,
    "fields": {
      "name": "定本标点专家权限",
      "menu_id": 17,
      "is_active": true
    }
  },



  {
    "model": "jwt_auth.permission_roles",
    "pk": 1,
    "fields": {
      "permission_id": 1,
      "role_id": 1
    }
  },
  {
    "model": "jwt_auth.permission_roles",
    "pk": 2,
    "fields": {
      "permission_id": 2,
      "role_id": 2
    }
  },
  {
    "model": "jwt_auth.permission_roles",
    "pk": 3,
    "fields": {
      "permission_id": 3,
      "role_id": 3
    }
  },
  {
    "model": "jwt_auth.permission_roles",
    "pk": 4,
    "fields": {
      "permission_id": 4,
      "role_id": 4
    }
  },
  {
    "model": "jwt_auth.permission_roles",
    "pk": 5,
    "fields": {
      "permission_id": 5,
      "role_id": 5
    }
  },
  {
    "model": "jwt_auth.permission_roles",
    "pk": 6,
    "fields": {
      "permission_id": 6,
      "role_id": 6
    }
  },
  {
    "model": "jwt_auth.permission_roles",
    "pk": 7,
    "fields": {
      "permission_id": 7,
      "role_id": 7
    }
  },
  {
    "model": "jwt_auth.permission_roles",
    "pk": 8,
    "fields": {
      "permission_id": 8,
      "role_id": 8
    }
  },
  {
    "model": "jwt_auth.permission_roles",
    "pk": 9,
    "fields": {
      "permission_id": 9,
      "role_id": 9
    }
  },
  {
    "model": "jwt_auth.permission_roles",
    "pk": 10,
    "fields": {
      "permission_id": 10,
      "role_id": 10
    }
  },
  {
    "model": "jwt_auth.permission_roles",
    "pk": 11,
    "fields": {
      "permission_id": 11,
      "role_id": 11
    }
  },
  {
    "model": "jwt_auth.permission_roles",
    "pk": 12,
    "fields": {
      "permission_id": 12,
      "role_id": 12
    }
  },
  {
    "model": "jwt_auth.permission_roles",
    "pk": 13,
    "fields": {
      "permission_id": 13,
      "role_id": 13
    }
  },
  {
    "model": "jwt_auth.permission_roles",
    "pk": 14,
    "fields": {
      "permission_id": 14,
      "role_id": 14
    }
  },
  {
    "model": "jwt_auth.permission_roles",
    "pk": 15,
    "fields": {
      "permission_id": 15,
      "role_id": 15
    }
  },
  {
    "model": "jwt_auth.permission_roles",
    "pk": 16,
    "fields": {
      "permission_id": 16,
      "role_id": 16
    }
  },
  {
    "model": "jwt_auth.permission_roles",
    "pk": 17,
    "fields": {
      "permission_id": 17,
      "role_id": 17
    }
  }

]
